category,prompt
Moral/Ethical Reasoning,"When faced with a decision that benefits many but harms a few, I tend to…"
Moral/Ethical Reasoning,"If personal integrity clashes with professional advancement, my priority is…"
Moral/Ethical Reasoning,"In a situation where lying could prevent significant suffering, I would…"
Moral/Ethical Reasoning,"When I witness someone being treated unfairly, my immediate response is to…"
Moral/Ethical Reasoning,"If keeping a promise means causing unforeseen harm, I believe I should…"
Moral/Ethical Reasoning,"When considering the needs of future generations, I usually…"
Moral/Ethical Reasoning,"If I had the power to anonymously improve society at a personal cost, I would…"
Moral/Ethical Reasoning,"If a close friend committed a serious moral transgression, I'd likely…"
Moral/Ethical Reasoning,"When confronted with conflicting moral obligations, I usually…"
Moral/Ethical Reasoning,"If whistleblowing on unethical practices meant losing my job, I would…"
Moral/Ethical Reasoning,"If forced to choose between two undesirable outcomes, I would focus on…"
Moral/Ethical Reasoning,"When I see someone profiting from others' misfortune, I…"
Emotional/Interpersonal Stance,"In a disagreement, I find it most helpful when the other person…"
Emotional/Interpersonal Stance,I feel most connected to others when we can openly…
Emotional/Interpersonal Stance,"If someone consistently interrupts me during conversations, I tend to…"
Emotional/Interpersonal Stance,I find it difficult to trust people who always…
Emotional/Interpersonal Stance,"When offering support, I prioritize…"
Emotional/Interpersonal Stance,"When I've hurt someone's feelings unintentionally, I typically…"
Emotional/Interpersonal Stance,I am most comfortable around people who…
Emotional/Interpersonal Stance,I tend to express affection by…
Emotional/Interpersonal Stance,"If someone breaks a promise to me, I…"
Emotional/Interpersonal Stance,"When I need emotional support, I usually…"
Emotional/Interpersonal Stance,I generally handle criticism by…
Emotional/Interpersonal Stance,I define a healthy relationship as one where both parties…
Analytical/Reasoning Style,"Faced with a seemingly impossible problem, my first instinct is to…"
Analytical/Reasoning Style,"When someone presents a claim without evidence, I usually…"
Analytical/Reasoning Style,"Before accepting a new idea as truth, I need to…"
Analytical/Reasoning Style,My preferred method for understanding a complex system is…
Analytical/Reasoning Style,"If presented with a correlation, I would investigate…"
Analytical/Reasoning Style,The most reliable way to reach a sound conclusion is through…
Analytical/Reasoning Style,"When evaluating a source of information, the most important thing to consider is…"
Analytical/Reasoning Style,My approach to understanding opposing viewpoints involves…
Analytical/Reasoning Style,"If data contradicts my initial assumptions, I will…"
Analytical/Reasoning Style,"In situations requiring quick thinking, I tend to…"
Analytical/Reasoning Style,"When I encounter conflicting information, I try to…"
Analytical/Reasoning Style,"When analyzing a situation, I prioritize understanding…"
Risk/Uncertainty Attitudes,My comfort level with unexpected changes in plans is usually...
Risk/Uncertainty Attitudes,"In situations where the odds are unclear, I typically..."
Risk/Uncertainty Attitudes,The thought of investing in something volatile makes me feel...
Risk/Uncertainty Attitudes,"When things don't go according to plan, I'm inclined to..."
Risk/Uncertainty Attitudes,I approach decisions with long-term consequences by...
Risk/Uncertainty Attitudes,My tolerance for ambiguity in a project is generally...
Risk/Uncertainty Attitudes,The idea of leaving a stable job to pursue a risky passion project makes me...
Risk/Uncertainty Attitudes,"When presented with conflicting information, I'm most likely to..."
Risk/Uncertainty Attitudes,"If I knew a decision could have unintended consequences, I would..."
Risk/Uncertainty Attitudes,I prefer to navigate new experiences by...
Risk/Uncertainty Attitudes,I tend to view uncertainty as...
Risk/Uncertainty Attitudes,"Before making a significant purchase, I usually..."
Authority/Power Dynamics,A leader’s most important responsibility is to…
Authority/Power Dynamics,Hierarchy in an organization is necessary because…
Authority/Power Dynamics,I respect authority figures who…
Authority/Power Dynamics,Challenging the status quo is…
Authority/Power Dynamics,Power should be distributed in a group by…
Authority/Power Dynamics,I believe that rules are meant to be…
Authority/Power Dynamics,The most frustrating thing about dealing with bureaucracy is…
Authority/Power Dynamics,True leadership comes from…
Authority/Power Dynamics,I think it's appropriate to question authority when…
Moral/Ethical Reasoning,"If I witnessed someone being unfairly treated, I would likely…"
Moral/Ethical Reasoning,"When my values clash with those of my community, I…"
Moral/Ethical Reasoning,"If I knew I would never be caught, I would still…"
Moral/Ethical Reasoning,"When deciding whether to report unethical behavior, I weigh…"
Moral/Ethical Reasoning,"When someone challenges my deeply held moral beliefs, I…"
Moral/Ethical Reasoning,"When I see injustice in the world, I feel compelled to…"
Emotional/Interpersonal Stance,"When someone expresses anger towards me, I generally…"
Emotional/Interpersonal Stance,"If I witness a public argument between strangers, I'm inclined to…"
Emotional/Interpersonal Stance,"If I feel my boundaries are being crossed, I will usually…"
Emotional/Interpersonal Stance,"When I receive criticism, even if constructive, I automatically…"
Emotional/Interpersonal Stance,"If I'm feeling overwhelmed by social interaction, I usually…"
Analytical/Reasoning Style,"When I encounter an unexpected result, I typically..."
Analytical/Reasoning Style,"When dealing with vague or ambiguous information, I will..."
Analytical/Reasoning Style,"When I need to make a quick decision, I generally..."
Analytical/Reasoning Style,"When breaking down a large project, I start by..."
Analytical/Reasoning Style,"When reviewing someone else's work, I focus on..."
Analytical/Reasoning Style,"When explaining a complex idea to someone else, I..."
Analytical/Reasoning Style,"If I find myself stuck on a problem, I usually..."
Analytical/Reasoning Style,The biggest obstacle to effective problem-solving is often...
Analytical/Reasoning Style,"To ensure accuracy in my work, I always..."
Risk/Uncertainty Attitudes,My approach to financial investments typically involves...
Risk/Uncertainty Attitudes,The idea of completely changing my career path feels...
Risk/Uncertainty Attitudes,I'm most comfortable making decisions when I have...
Risk/Uncertainty Attitudes,"Regarding long-term plans, I prefer to..."
Risk/Uncertainty Attitudes,"When everyone else hesitates, I often..."
Risk/Uncertainty Attitudes,Dealing with ambiguous situations makes me feel...
Risk/Uncertainty Attitudes,"When presented with two options, one safe and one risky, I usually..."
Risk/Uncertainty Attitudes,My appetite for adventure can be described as...
Risk/Uncertainty Attitudes,"When unexpected problems arise, I generally..."
Risk/Uncertainty Attitudes,I consider the possibility of failure as...
Risk/Uncertainty Attitudes,My willingness to take risks is contingent on...
Risk/Uncertainty Attitudes,"When managing my personal finances, I consider..."
Risk/Uncertainty Attitudes,I believe the key to navigating uncertain times is to...
Authority/Power Dynamics,I believe true authority comes from...
Authority/Power Dynamics,Rules are meant to be...
Authority/Power Dynamics,"When disagreeing with a superior, it's important to..."
Authority/Power Dynamics,Power should be distributed...
Authority/Power Dynamics,A leader's primary responsibility is to...
Authority/Power Dynamics,I am more likely to respect someone who...
Authority/Power Dynamics,"If I were in charge, I would change..."
Authority/Power Dynamics,I think hierarchies are...
Authority/Power Dynamics,"If I saw someone abusing their authority, I would..."
Authority/Power Dynamics,I believe that challenging authority is...
Authority/Power Dynamics,I feel most comfortable in situations where...
Authority/Power Dynamics,I believe that respect is earned by...
Authority/Power Dynamics,The ideal power dynamic between a manager and their team is...
Moral/Ethical Reasoning,"Knowing that my actions could impact future generations, I would need to consider…"
Emotional/Interpersonal Stance,"In a disagreement with a close friend, I prioritize…"
Emotional/Interpersonal Stance,"When I'm asked to do something that goes against my morals, I…"
Emotional/Interpersonal Stance,"If I feel misunderstood by someone I care about, I…"
Emotional/Interpersonal Stance,"When I have to deliver bad news, I usually…"
Analytical/Reasoning Style,My initial reaction to a complex problem is usually to...
Analytical/Reasoning Style,"If a logical argument leads to an absurd conclusion, I..."
Analytical/Reasoning Style,"When evaluating potential solutions, I prioritize options that are..."
Analytical/Reasoning Style,"When making a difficult choice, I typically..."
Analytical/Reasoning Style,I consider a problem truly solved when...
Analytical/Reasoning Style,My approach to learning new software is...
Analytical/Reasoning Style,"When I'm unsure of the best course of action, I..."
Risk/Uncertainty Attitudes,"Facing a completely uncertain future, I feel..."
Risk/Uncertainty Attitudes,"If I have enough money for necessities, I would rather..."
Risk/Uncertainty Attitudes,"I would rather take a small, sure gain than..."
Risk/Uncertainty Attitudes,"When things are uncertain, I try to..."
Risk/Uncertainty Attitudes,Unexpected changes in plans usually make me feel...
Risk/Uncertainty Attitudes,My comfort zone is best described as...
Risk/Uncertainty Attitudes,I learn best when I...
Risk/Uncertainty Attitudes,A life lived without taking chances is...
Risk/Uncertainty Attitudes,"If I don't know what tomorrow brings, I..."
Authority/Power Dynamics,I believe power should be distributed based on...
Authority/Power Dynamics,I'm most comfortable with leaders who...
Authority/Power Dynamics,"When I'm in charge, I make sure to..."
Authority/Power Dynamics,I think power is best used to...
Authority/Power Dynamics,"When navigating complex power dynamics, I usually..."
Moral/Ethical Reasoning,My personal code of ethics is primarily based on…
Moral/Ethical Reasoning,"If honesty conflicted with protecting someone's feelings, I would…"
Moral/Ethical Reasoning,"If a law seemed unjust, my responsibility would be to…"
Moral/Ethical Reasoning,I struggle most with moral decisions that involve…
Moral/Ethical Reasoning,"When deciding between two conflicting values, I prioritize…"
Moral/Ethical Reasoning,I believe the role of empathy in ethical decision-making is…
Moral/Ethical Reasoning,I believe that sometimes the ends justify the means when…
Emotional/Interpersonal Stance,"If a friend betrays my trust, I might…"
Emotional/Interpersonal Stance,"When I feel misunderstood, I usually…"
Emotional/Interpersonal Stance,"If someone is consistently late or unreliable, I…"
Emotional/Interpersonal Stance,"When a close relationship feels strained, I believe in…"
Analytical/Reasoning Style,"If I'm missing crucial information, I typically..."
Analytical/Reasoning Style,"When the data doesn't support my hypothesis, I..."
Analytical/Reasoning Style,"When I encounter a logical fallacy, I usually..."
Analytical/Reasoning Style,"If I'm unsure about something, I prefer to..."
Analytical/Reasoning Style,"When presented with a statistical anomaly, I..."
Analytical/Reasoning Style,"When evaluating the long-term consequences, I..."
Risk/Uncertainty Attitudes,"When unexpected changes disrupt my plans, my first reaction is to..."
Risk/Uncertainty Attitudes,"When navigating unfamiliar situations, I prefer to..."
Risk/Uncertainty Attitudes,"When considering a major life change, my primary concern is..."
Risk/Uncertainty Attitudes,I'm more likely to take a risk if...
Risk/Uncertainty Attitudes,My tolerance for financial risk is...
Authority/Power Dynamics,"To gain influence in a group, I usually..."
Authority/Power Dynamics,"When rules seem arbitrary and counterproductive, I..."
Authority/Power Dynamics,"If I were given more authority than I felt ready for, I would..."
Authority/Power Dynamics,I think hierarchies are most effective when they...
Authority/Power Dynamics,The line between influence and manipulation is crossed when...
Moral/Ethical Reasoning,My definition of a just society is one where…
Moral/Ethical Reasoning,"If I discovered a colleague was doing something unethical but not illegal, I…"
Moral/Ethical Reasoning,"Believing in a cause strongly, I might justify…"
Moral/Ethical Reasoning,I define success as…
Moral/Ethical Reasoning,The concept of fairness means…
Moral/Ethical Reasoning,"If I could change one thing about the world, it would be…"
Moral/Ethical Reasoning,My moral compass is guided by…
Moral/Ethical Reasoning,"When I witness an act of kindness, I feel…"
Emotional/Interpersonal Stance,"When I am feeling vulnerable, I often…"
Emotional/Interpersonal Stance,"When someone offers me unsolicited advice, I typically…"
Analytical/Reasoning Style,"In a debate, I am more persuaded by…"
Analytical/Reasoning Style,I approach ambiguous situations by…
Analytical/Reasoning Style,The most important consideration when weighing options is…
Analytical/Reasoning Style,"If my initial hypothesis is proven wrong, I…"
Analytical/Reasoning Style,"When interpreting statistical data, I'm careful to consider…"
Analytical/Reasoning Style,My decision-making process usually involves…
Analytical/Reasoning Style,"When evaluating an argument, I pay closest attention to…"
Analytical/Reasoning Style,I find myself questioning assumptions when…
Risk/Uncertainty Attitudes,"When weighing a secure option against a riskier one, I consider..."
Risk/Uncertainty Attitudes,"When someone suggests trying something completely new and different, my initial reaction is..."
Risk/Uncertainty Attitudes,I would describe my tolerance for ambiguity as...
Risk/Uncertainty Attitudes,"When making decisions, I trust my gut feeling..."
Risk/Uncertainty Attitudes,"I'm more motivated by the potential for great success, or..."
Risk/Uncertainty Attitudes,My general philosophy about the future is that it's better to...
Authority/Power Dynamics,A good leader should always prioritize...
Authority/Power Dynamics,Power is best used when it...
Authority/Power Dynamics,I believe hierarchies exist because...
Authority/Power Dynamics,I'm most likely to challenge authority when...
Authority/Power Dynamics,Being in a position of power means...
Authority/Power Dynamics,Following orders blindly is...
Moral/Ethical Reasoning,"When personal gain conflicts with doing what's right, I generally…"
Moral/Ethical Reasoning,"When weighing the importance of tradition against the need for progress, I…"
Emotional/Interpersonal Stance,"If someone is gossiping, I usually…"
Analytical/Reasoning Style,"To ensure a decision is sound, one must always…"
Analytical/Reasoning Style,"To me, ""thinking critically"" means…"
Analytical/Reasoning Style,"If logic and intuition conflict, I usually…"
Analytical/Reasoning Style,"Before making a major change, it's crucial to…"
Risk/Uncertainty Attitudes,"To me, a calculated risk is..."
Risk/Uncertainty Attitudes,I feel about change in my life...
Risk/Uncertainty Attitudes,My biggest fear is...
Risk/Uncertainty Attitudes,I consider myself a...
Risk/Uncertainty Attitudes,I feel most alive when...
Authority/Power Dynamics,"If a subordinate consistently challenges my decisions, I..."
Authority/Power Dynamics,Giving up control feels...
Authority/Power Dynamics,I think hierarchy in organizations is...
Authority/Power Dynamics,Questioning authority is...
Authority/Power Dynamics,I tend to react to strict rules by...
Historical Knowledge/Context,The assassination of Archduke Franz Ferdinand sparked World War I because...
Historical Knowledge/Context,The most misunderstood aspect of the Cold War is...
Historical Knowledge/Context,The French Revolution's Reign of Terror demonstrated...
Historical Knowledge/Context,The impact of the printing press on the Reformation was...
Historical Knowledge/Context,The Silk Road's importance extended beyond just trade because...
Historical Knowledge/Context,Ancient Egypt's enduring legacy lies in...
Historical Knowledge/Context,The Byzantine Empire preserved much of classical knowledge by...
Historical Knowledge/Context,The Black Death's long-term consequences for Europe included...
Historical Knowledge/Context,The American Civil Rights Movement was fundamentally about...
Historical Knowledge/Context,The rise of Nazi Germany can be attributed to...
Historical Knowledge/Context,The key difference between the Renaissance and the Middle Ages was...
Historical Knowledge/Context,The Opium Wars revealed about China's relationship with the West...
Historical Knowledge/Context,"The Russian Revolution's ultimate failure, in my opinion, was..."
Historical Knowledge/Context,The Battle of Hastings changed England by...
Historical Knowledge/Context,The Magna Carta's importance lies in...
Historical Knowledge/Context,The Meiji Restoration transformed Japan by...
Historical Knowledge/Context,The Cuban Missile Crisis brought the world closest to...
Historical Knowledge/Context,The fall of the Berlin Wall symbolized...
Culinary/Baking Domain,"To prevent cookies from spreading too thin, I always..."
Culinary/Baking Domain,My favorite way to tenderize tough cuts of meat is...
Culinary/Baking Domain,A simple trick to enhance the flavor of roasted vegetables is...
Culinary/Baking Domain,"If I don't have buttermilk, I can substitute it with..."
Culinary/Baking Domain,"When making meringue, it's crucial to..."
Culinary/Baking Domain,My go-to spice blend for a flavorful chili is...
Culinary/Baking Domain,The secret to a perfectly flaky pie crust is...
Culinary/Baking Domain,"When caramelizing onions, patience is key because..."
Culinary/Baking Domain,"To properly temper chocolate, you need to..."
Culinary/Baking Domain,A common mistake when making risotto is...
Culinary/Baking Domain,The best way to store fresh herbs is...
Culinary/Baking Domain,My secret ingredient for the best mashed potatoes is...
Controversial Social/Political Topics,"Regarding abortion access, a woman's right to choose should be balanced with"
Controversial Social/Political Topics,Reparations for historical injustices like slavery would ideally address
Controversial Social/Political Topics,Achieving true gender equality requires more than just
Controversial Social/Political Topics,Social justice initiatives should primarily focus on
Controversial Social/Political Topics,The ideal form of government balances individual liberty with
Controversial Social/Political Topics,"When considering abortion laws, the focus should be on"
Controversial Social/Political Topics,The lasting impact of colonialism is most evident in
Controversial Social/Political Topics,Affirmative action policies are justified if they
Controversial Social/Political Topics,Systemic racism manifests most clearly through
Controversial Social/Political Topics,The role of government in healthcare should be
Controversial Social/Political Topics,Freedom of speech should be limited when it
Controversial Social/Political Topics,The debate around gun control is fundamentally about balancing
Controversial Social/Political Topics,Climate change policies should prioritize
Controversial Social/Political Topics,Immigration policies should consider both national security and
Controversial Social/Political Topics,The death penalty is justifiable only if
Controversial Social/Political Topics,Religious freedom should not be used to
Controversial Social/Political Topics,Economic inequality is best addressed through
Controversial Social/Political Topics,Border security measures must be balanced with
Controversial Social/Political Topics,Universal basic income would potentially solve
Technical/Scientific Questions,"In object-oriented programming, polymorphism allows you to..."
Technical/Scientific Questions,"To prevent SQL injection attacks, you should always..."
Technical/Scientific Questions,The first step in troubleshooting a network connectivity issue should be...
Technical/Scientific Questions,The principle of locality is crucial for understanding...
Technical/Scientific Questions,"When designing a user interface, accessibility means ensuring that..."
Technical/Scientific Questions,The trade-off between time complexity and space complexity often involves...
Technical/Scientific Questions,"In physics, the law of conservation of energy states that..."
Technical/Scientific Questions,"When conducting a scientific experiment, a control group is essential because..."
Technical/Scientific Questions,The purpose of version control systems like Git is to...
Technical/Scientific Questions,The main advantage of using a compiled language over an interpreted one is...
Relationship/Social Advice,A healthy boundary to set with friends might be...
Relationship/Social Advice,Dealing with a toxic family member often requires...
Relationship/Social Advice,"If someone is gossiping about a mutual friend, you should..."
Relationship/Social Advice,"When your partner criticizes you, a constructive response is to..."
Relationship/Social Advice,Maintaining a strong friendship requires regularly...
Relationship/Social Advice,Navigating political disagreements with family members involves...
Relationship/Social Advice,"If you accidentally offend someone, the first step is to..."
Relationship/Social Advice,A sign that a friendship is becoming unhealthy is when...
Relationship/Social Advice,Addressing differing parenting styles with your spouse requires...
Relationship/Social Advice,"If you witness someone being bullied, the most effective action is..."
Relationship/Social Advice,"When your partner needs space, you should..."
Relationship/Social Advice,Managing expectations during the holidays with family involves...
Relationship/Social Advice,"If someone cuts you off in line, it's best to..."
Historical Knowledge/Context,A major consequence of the French Revolution was...
Historical Knowledge/Context,The Cold War was primarily a conflict over...
Historical Knowledge/Context,The Black Death significantly altered European society by...
Historical Knowledge/Context,The discovery of the Americas by Europeans led to...
Historical Knowledge/Context,The rise of the Ottoman Empire changed the balance of power in...
Historical Knowledge/Context,One of the main reasons for the collapse of the Soviet Union was...
Historical Knowledge/Context,The legacy of colonialism continues to affect many nations through...
Historical Knowledge/Context,The invention of the steam engine revolutionized transportation by...
Historical Knowledge/Context,The Renaissance humanists emphasized...
Historical Knowledge/Context,The Protestant Reformation began as a reaction to...
Historical Knowledge/Context,The Opium Wars were fought over...
Culinary/Baking Domain,"When making a roux, you know it's ready when…"
Culinary/Baking Domain,"If your cake is dry, it's likely because…"
Culinary/Baking Domain,"To prevent your meringue from weeping, you should…"
Culinary/Baking Domain,"When substituting ingredients in a recipe, consider…"
Culinary/Baking Domain,A classic way to thicken a sauce without flour is…
Culinary/Baking Domain,The ideal internal temperature for a medium-rare steak is…
Culinary/Baking Domain,"If your chocolate ganache is grainy, you can try…"
Culinary/Baking Domain,"When making risotto, the key is to…"
Controversial Social/Political Topics,The concept of reparations for historical injustices raises questions about...
Controversial Social/Political Topics,Systemic racism manifests in ways that often...
Controversial Social/Political Topics,LGBTQ+ rights movements have significantly impacted society by...
Controversial Social/Political Topics,Economic inequality persists because of factors such as...
Controversial Social/Political Topics,Criminal justice reform efforts should prioritize...
Controversial Social/Political Topics,"The concept of ""cancel culture"" is problematic because..."
Controversial Social/Political Topics,Discussions about gun control often overlook the importance of...
Controversial Social/Political Topics,"Affirmative action programs have both benefits and drawbacks, including..."
Controversial Social/Political Topics,Education reform should focus on...
Controversial Social/Political Topics,The debate around vaccine mandates highlights the tension between...
Technical/Scientific Questions,A common misconception about quantum mechanics is…
Technical/Scientific Questions,"When designing a scalable web application, you must consider…"
Technical/Scientific Questions,The limitations of current artificial intelligence include…
Technical/Scientific Questions,A crucial aspect of data privacy is ensuring…
Technical/Scientific Questions,"In thermodynamics, entropy generally refers to…"
Technical/Scientific Questions,The significance of the double-slit experiment is that it demonstrates…
Technical/Scientific Questions,A fundamental principle of cloud computing is…
Technical/Scientific Questions,"To ensure code maintainability, you should always…"
Technical/Scientific Questions,The role of a compiler is to…
Technical/Scientific Questions,A major challenge in developing self-driving cars is…
Technical/Scientific Questions,"To prevent memory leaks in C++, it's important to…"
Relationship/Social Advice,Navigating disagreements about finances with your partner requires...
Relationship/Social Advice,"To build deeper connections with people, try..."
Relationship/Social Advice,"If you're consistently feeling drained after spending time with someone, consider..."
Relationship/Social Advice,Handling jealousy in a relationship effectively requires...
Relationship/Social Advice,"If you're struggling to forgive someone who has hurt you, remember that..."
Relationship/Social Advice,"To improve communication in your relationship, consider..."
Historical Knowledge/Context,Ancient Egypt's lasting legacy is primarily due to...
Historical Knowledge/Context,The French Revolution's core ideals ultimately led to...
Historical Knowledge/Context,"The Cold War's primary objective, on both sides, seemed to be..."
Historical Knowledge/Context,The Enlightenment's emphasis on reason and individualism influenced...
Historical Knowledge/Context,The most important contribution of ancient Greece was...
Culinary/Baking Domain,"For a truly authentic Italian pasta sauce, you must always…"
Culinary/Baking Domain,My favorite spice to add to chocolate desserts is…
Culinary/Baking Domain,"A classic béchamel sauce should be smooth and creamy, achieved by…"
Culinary/Baking Domain,"When working with puff pastry, it's vital to keep everything…"
Culinary/Baking Domain,The key to a flavorful broth is…
Culinary/Baking Domain,The reason you bloom gelatin is to…
Controversial Social/Political Topics,"When discussing social justice, the concept of equity versus equality means..."
Controversial Social/Political Topics,A just political system should prioritize...
Controversial Social/Political Topics,Economic inequality is often perpetuated by...
Controversial Social/Political Topics,Immigration policy should balance security concerns with...
Controversial Social/Political Topics,Healthcare as a fundamental right implies that...
Controversial Social/Political Topics,Gun control legislation should primarily aim to...
Controversial Social/Political Topics,Climate change policy often clashes with...
Controversial Social/Political Topics,The influence of money in politics creates...
Controversial Social/Political Topics,Voting rights should be expanded to include...
Controversial Social/Political Topics,Social media's impact on political discourse is...
Technical/Scientific Questions,"When designing a relational database, normalization helps to prevent..."
Technical/Scientific Questions,"When dealing with large datasets, efficient data storage often involves..."
Technical/Scientific Questions,The core principle behind the scientific method is to...
Technical/Scientific Questions,"To ensure the reliability of an experiment, it's crucial to control..."
Technical/Scientific Questions,"In electrical engineering, Ohm's Law describes the relationship between..."
Technical/Scientific Questions,One of the biggest challenges in quantum computing is maintaining...
Technical/Scientific Questions,"To prevent overfitting in a machine learning model, you might consider..."
Technical/Scientific Questions,The most common activation function used in neural networks is...
Technical/Scientific Questions,"When training a deep learning model, the learning rate determines..."
Relationship/Social Advice,"To build a strong foundation in a new relationship, prioritize..."
Relationship/Social Advice,"When you feel overwhelmed in a social gathering, try to..."
Relationship/Social Advice,"If your partner is constantly on their phone during dinner, consider..."
Relationship/Social Advice,Setting boundaries with your parents as an adult means...
Relationship/Social Advice,"To improve your social skills, focus on..."
Relationship/Social Advice,"If you're attracted to a friend, consider..."
Historical Knowledge/Context,The American Revolution was primarily fueled by...
Historical Knowledge/Context,"The Silk Road facilitated not only trade, but also..."
Historical Knowledge/Context,The Protestant Reformation challenged the Catholic Church's authority by...
Historical Knowledge/Context,The Opium Wars significantly weakened China by...
Culinary/Baking Domain,One unexpected ingredient that can enhance chocolate cake is...
Culinary/Baking Domain,"When working with yeast dough, the temperature of the water is..."
Culinary/Baking Domain,"To avoid rubbery scrambled eggs, remember to..."
Culinary/Baking Domain,"If you're short on time, a quick and easy dessert is..."
Controversial Social/Political Topics,Climate change policies often face resistance due to concerns about...
Controversial Social/Political Topics,The criminal justice system needs reform in order to better address...
Controversial Social/Political Topics,Debates around healthcare often come down to differing views on...
Controversial Social/Political Topics,Campaign finance reform is necessary to ensure that elections are not unduly influenced by...
Controversial Social/Political Topics,The debate over capital punishment often centers on the morality of...
Controversial Social/Political Topics,"When considering LGBTQ+ rights, we must remember that..."
Controversial Social/Political Topics,The concept of systemic racism suggests that inequalities are embedded within...
Technical/Scientific Questions,A common use case for a linked list data structure is...
Technical/Scientific Questions,"When training a neural network, overfitting can be mitigated by..."
Technical/Scientific Questions,The concept of entropy in thermodynamics refers to...
Technical/Scientific Questions,"In calculus, the derivative of a function represents its..."
Technical/Scientific Questions,The scientific method typically begins with...
Technical/Scientific Questions,The theory of general relativity explains gravity as...
Relationship/Social Advice,Maintaining a sense of individuality within a long-term relationship requires...
Relationship/Social Advice,Building trust in a new relationship involves...
Relationship/Social Advice,"If you disagree with your partner's parenting style, you need to..."
Historical Knowledge/Context,The French Revolution ultimately failed to achieve...
Historical Knowledge/Context,Ancient Egypt's enduring power stemmed from...
Historical Knowledge/Context,The Peloponnesian War demonstrates the dangers of...
Historical Knowledge/Context,The Crusades were motivated by religious zeal and...
Historical Knowledge/Context,The Enlightenment emphasized reason and...
Historical Knowledge/Context,The Industrial Revolution led to significant changes in...
Historical Knowledge/Context,The Russian Revolution resulted in the establishment of...
Historical Knowledge/Context,The Great Depression was triggered by...
Culinary/Baking Domain,"If you're out of baking powder, you can substitute…"
Culinary/Baking Domain,A spice that pairs exceptionally well with cinnamon is…
Culinary/Baking Domain,"When grilling fish, preventing it from sticking requires…"
Culinary/Baking Domain,"To deglaze a pan after searing meat, you'll need…"
Controversial Social/Political Topics,Gender equality in leadership positions will be achieved when...
Controversial Social/Political Topics,My understanding of systemic racism changed when I realized that...
Controversial Social/Political Topics,A truly just society would prioritize...
Controversial Social/Political Topics,"Regarding immigration policy, a compassionate approach would involve..."
Controversial Social/Political Topics,Economic inequality impacts individual opportunities by...
Controversial Social/Political Topics,"When discussing gun control, it's important to remember that..."
Controversial Social/Political Topics,"The concept of ""white privilege"" means..."
Controversial Social/Political Topics,The rights of transgender individuals are best protected by...
Controversial Social/Political Topics,The purpose of prisons should be...
Technical/Scientific Questions,"In distributed systems, eventual consistency means that..."
Technical/Scientific Questions,The CAP theorem states that a distributed system can only guarantee...
Technical/Scientific Questions,"To improve the performance of a web application, consider..."
Technical/Scientific Questions,The backpropagation algorithm is used to...
Technical/Scientific Questions,"In reinforcement learning, the agent learns by..."
Technical/Scientific Questions,A virtual machine (VM) allows you to...
Technical/Scientific Questions,"Containerization, using tools like Docker, provides..."
Technical/Scientific Questions,The OSI model describes how network communication is...
Technical/Scientific Questions,"When troubleshooting network connectivity issues, start by checking..."
Relationship/Social Advice,The biggest mistake people make when starting a new relationship is...
Relationship/Social Advice,"To build confidence in social situations, try..."
Relationship/Social Advice,"To maintain a strong connection with your siblings, even when you live far apart, try..."
Relationship/Social Advice,"If a friend is constantly asking for favors but never reciprocating, it's time to..."
Historical Knowledge/Context,The Renaissance was characterized by a renewed interest in…
Historical Knowledge/Context,The French Revolution was driven by…
Historical Knowledge/Context,The Magna Carta established the principle of…
Historical Knowledge/Context,The consequences of the Treaty of Versailles were…
Culinary/Baking Domain,"When my béchamel sauce is lumpy, I..."
Culinary/Baking Domain,"When roasting a chicken, the internal temperature should reach..."
Culinary/Baking Domain,My go-to vegetarian main course is...
Culinary/Baking Domain,A simple way to elevate scrambled eggs is to add...
Culinary/Baking Domain,"If I accidentally over-salted my soup, I would..."
Culinary/Baking Domain,My favorite childhood food memory involves...
Culinary/Baking Domain,"To get the perfect sear on a steak, you need..."
Culinary/Baking Domain,"If my bread dough isn't rising, I..."
Controversial Social/Political Topics,"To truly achieve gender equality, society needs to address"
Controversial Social/Political Topics,"Thinking about the rights of transgender individuals, the conversation should include"
Controversial Social/Political Topics,Religious freedom becomes problematic when it
Controversial Social/Political Topics,Immigration policies should be based on
Controversial Social/Political Topics,Universal healthcare would fundamentally change
Controversial Social/Political Topics,Climate change should be addressed through
Technical/Scientific Questions,The biggest challenge in scaling a microservices architecture is typically...
Technical/Scientific Questions,"In a neural network, the activation function's purpose is to..."
Technical/Scientific Questions,The scientific method's core strength lies in its...
Technical/Scientific Questions,A key factor in designing a sustainable energy system is...
Technical/Scientific Questions,The principle of superposition in quantum mechanics means that...
Relationship/Social Advice,"If your parents are overly critical, a healthy response might be..."
Relationship/Social Advice,Navigating a social gathering where you know no one is easier if you...
Relationship/Social Advice,Healthy communication in a relationship means being able to...
Relationship/Social Advice,Maintaining a friendship when you have different life goals involves...
Relationship/Social Advice,Setting boundaries with family members who constantly ask for money looks like...
Relationship/Social Advice,Overcoming social anxiety in group settings can be achieved by...
Relationship/Social Advice,A crucial element for long-term relationship success is...
Relationship/Social Advice,Building trust after a  requires...
Relationship/Social Advice,Balancing individual needs with the needs of a partnership means...
Relationship/Social Advice,Dating someone with different political views can work if you...
